<EPSON>
	<NAO_FISCAL>		
		<CHEQUES>
			<TIMEOUT>25</TIMEOUT>
			<MOEDA>
				<SINGULAR>REAL</SINGULAR>
				<PLURAL>REAIS</PLURAL>
				<CENTAVOS>S</CENTAVOS>
			</MOEDA>
			<CHEQUE>
				<CODIGO>1</CODIGO>
				<DESCRICAO>BANCO MOORE</DESCRICAO>
				<VALOR>
					<HORIZONTAL>55</HORIZONTAL>
					<VERTICAL>65</VERTICAL>			
				</VALOR>
				<EXTENSO>
					<HORIZONTAL>145</HORIZONTAL>
					<VERTICAL>60</VERTICAL>			
				</EXTENSO>
				<PARA>
					<HORIZONTAL>165</HORIZONTAL>
					<VERTICAL>50</VERTICAL>
				</PARA>
				<CIDADE>
					<HORIZONTAL>95</HORIZONTAL>
					<VERTICAL>43</VERTICAL>
				</CIDADE>
				<DIA>
					<HORIZONTAL>60</HORIZONTAL>
					<VERTICAL>43</VERTICAL>		
				</DIA>
				<MES>
					<HORIZONTAL>49</HORIZONTAL>
					<VERTICAL>43</VERTICAL>
				</MES>
				<ANO>
					<HORIZONTAL>19</HORIZONTAL>
					<VERTICAL>43</VERTICAL>
				</ANO>
				<ADICIONAL>
					<HORIZONTAL>160</HORIZONTAL>
					<VERTICAL>10</VERTICAL>
				</ADICIONAL>
			</CHEQUE>
		</CHEQUES>
		<MICR>
			<TIMEOUT>25</TIMEOUT>
			<TIPO>0</TIPO>
		</MICR>
	</NAO_FISCAL>
</EPSON>